{
    "009BA758-7060-4479-8EE8-FB9B40C8FB97": {
        "name": "韓國和日本的夜晚"
    },
    "B1B5DDC5-73C8-4920-8133-BACCE38A08DE": {
        "name": "墨西哥城到紐約"
    },
    "7719B48A-2005-4011-9280-2F64EEC6FD91": {
        "name": "加利福尼亞北部到巴哈"
    },
    "B876B645-3955-420E-99DF-60139E451CF3": {
        "name": "武陵源國家公園 1"
    },
    "9CCB8297-E9F5-4699-AE1F-890CFBD5E29C": {
        "name": "龍脊梯田"
    },
    "D5E76230-81A3-4F65-A1BA-51B8CADED625": {
        "name": "武陵源國家公園 2"
    },
    "F0236EC5-EE72-4058-A6CE-1F7D2E8253BF": {
        "name": "長城 1"
    },
    "22162A9B-DB90-4517-867C-C676BC3E8E95": {
        "name": "長城 2"
    },
    "044AD56C-A107-41B2-90CC-E60CCACFBCF5": {
        "name": "長城 3"
    },
    "876D51F4-3D78-4221-8AD2-F9E78C0FD9B9": {
        "name": "謝赫扎耶德路"
    },
    "E991AC0C-F272-44D8-88F3-05F44EDFE3AE": {
        "name": "碼頭 1"
    },
    "00BA71CD-2C54-415A-A68A-8358E677D750": {
        "name": "市中心"
    },
    "3FFA2A97-7D28-49EA-AA39-5BC9051B2745": {
        "name": "碼頭 2"
    },
    "9680B8EB-CE2A-4395-AF41-402801F4D6A6": {
        "name": "接近哈利法塔"
    },
    "2F11E857-4F77-4476-8033-4A1E4610AFCC": {
        "name": "謝赫扎耶德路",
        "pointsOfInterest": {
            "0": "沿著謝赫扎耶德路向前"
        }
    },
    "B8F204CE-6024-49AB-85F9-7CA2F6DCD226": {
        "name": "怒蘇阿克半島"
    },
    "2F52E34C-39D4-4AB1-9025-8F7141FAA720": {
        "name": "伊盧利薩特冰峽灣"
    },
    "EE01F02D-1413-436C-AB05-410F224A5B7B": {
        "name": "伊盧利薩特冰峽灣"
    },
    "499995FA-E51A-4ACE-8DFD-BDF8AFF6C943": {
        "name": "鳥之河山谷"
    },
    "12E0343D-2CD9-48EA-AB57-4D680FB6D0C7": {
        "name": "熔岩角"
    },
    "b2-2": {
        "name": "海螺谷"
    },
    "258A6797-CC13-4C3A-AB35-4F25CA3BF474": {
        "name": "海之山自然保護區"
    },
    "3D729CFC-9000-48D3-A052-C5BD5B7A6842": {
        "name": "卡哈拉海岸線"
    },
    "82BD33C9-B6D2-47E7-9C42-AA3B7758921A": {
        "name": "海之山自然保護區"
    },
    "FE8E1F9D-59BA-4207-B626-28E34D810D0A": {
        "name": "維多利亞港 1"
    },
    "C8559883-6F3E-4AF2-8960-903710CD47B7": {
        "name": "太平山頂"
    },
    "024891DE-B7F6-4187-BFE0-E6D237702EF0": {
        "name": "灣仔"
    },
    "64EA30BD-C4B5-4CDD-86D7-DFE47E9CB9AA": {
        "name": "維多利亞港 2"
    },
    "E99FA658-A59A-4A2D-9F3B-58E7BDC71A9A": {
        "name": "維多利亞港"
    },
    "001C94AE-2BA4-4E77-A202-F7DE60E8B1C8": {
        "name": "利瓦綠洲 1"
    },
    "AFA22C08-A486-4CE8-9A13-E355B6C38559": {
        "name": "利瓦綠洲 2"
    },
    "58754319-8709-4AB0-8674-B34F04E7FFE2": {
        "name": "泰晤士河",
        "pointsOfInterest": {
            "0": "靠近倫敦泰晤士河上的塔橋",
            "40": "經過右邊的“小黃瓜”",
            "70": "穿过泰晤士河上的塔橋，後面是市政廳，右邊是倫敦塔",
            "85": "經過右面的“對講機”，靠近“貝爾發斯特”巡洋艦",
            "115": "沿著泰晤士河向西行駛，左邊是碎片大廈，右邊是聖保羅大教堂",
            "135": "經過南華克大教堂，右邊是聖保羅大教堂",
            "175": "經過莎士比亞環球報社",
            "230": "經過左邊的滑鐵盧車站，泰晤士河後面的是威斯敏斯特宮（國會大廈）",
            "260": "經過左邊BFI IMAX影院，倫敦眼在影院後面",
            "280": "經過泰晤士河去往威斯敏斯特",
            "300": "接近右邊的查令十字車站",
            "312": "接近右邊中間的騎兵衛隊遊行和聖詹姆斯公園",
            "324": "經過右邊的聖馬丁教堂，教堂左邊是海軍拱門、納爾遜紀念柱和特拉法加廣場"
        }
    },
    "A5AAFF5D-8887-42BB-8AFD-867EF557ED85": {
        "name": "白金漢宮",
        "pointsOfInterest": {
            "0": "通過左邊的惠靈頓拱橋",
            "12": "飛越白金漢宮花園，左邊是綠色公園",
            "24": "飛越白金漢宮",
            "40": "飛越維多利亞女王紀念碑，經過右邊的惠靈頓兵營",
            "55": "沿著鳥籠步行街經過聖詹姆斯公園",
            "90": "經過白廳的外交和聯邦事務處，左邊是騎馬衛隊遊行，右邊是女王陛下的財政部",
            "102": "經過紀念碑，左邊是國防部，右邊是大本鐘和威斯敏斯特宮（國會大廈）",
            "125": "穿過泰晤士河，飛越倫敦眼",
            "160": "經過倫敦南部的滑鐵盧車站，左側是BFI IMAX",
            "270": "經過左邊的南華克大教堂",
            "285": "經過右邊的碎片大廈",
            "305": "通過泰晤士河中的“貝爾法斯特”巡洋艦",
            "330": "穿過塔橋的泰晤士河，右邊是市政廳，左邊是倫敦塔"
        }
    },
    "F604AF56-EA77-4960-AEF7-82533CC1A8B3": {
        "name": "日落時刻的泰晤士河",
        "pointsOfInterest": {
            "0": "沿著泰晤士河向塔橋走去，倫敦塔就在右邊",
            "25": "穿過泰晤士河，經過市政廳",
            "35": "通過泰晤士河中的“貝爾法斯特”巡洋艦",
            "60": "接近碎片大廈",
            "92": "向西飛越南華克前往倫敦南部的蘭貝斯",
            "200": "經過左邊的蘭貝斯宮和右邊的滑鐵盧車站",
            "245": "穿過泰晤士河去往威斯敏斯特宮（議會大廈）",
            "265": "經過威斯敏斯特宮（議會大廈），後面是威斯敏斯特教堂"
        }
    },
    "7F4C26C2-67C2-4C3A-8F07-8A7BF6148C97": {
        "name": "黃昏的泰晤士河",
        "pointsOfInterest": {
            "0": "沿著泰晤士河向塔橋走去，倫敦塔就在右邊",
            "28": "沿著泰晤士河向西行駛，經過左邊的市政廳",
            "40": "經過泰晤士河畔的“貝爾法斯特”號巡洋艦，左面是碎片大廈，右面是“對講機”",
            "75": "經過左邊的南華克大教堂",
            "110": "經過右邊的聖保羅大教堂",
            "130": "經過左前面的莎士比亞環球報社",
            "210": "繼續沿泰晤士河向威斯敏斯特方向行駛",
            "300": "在泰晤士河上經過倫敦眼",
            "315": "接近大本鐘和議會大廈，右邊是威斯敏斯特教堂"
        }
    },
    "CE279831-1CA7-4A83-A97B-FF1E20234396": {
        "name": "洛杉磯國際機場",
        "pointsOfInterest": {
            "0": "經過洛杉磯國際機場向西行駛",
            "80": "經過主題大樓",
            "210": "經過湯姆布拉德利國際航站樓"
        }
    },
    "35693AEA-F8C4-4A80-B77D-C94B20A68956": {
        "name": "港口高速公路",
        "pointsOfInterest": {
            "0": "沿著港口高速公路（110號州際公路）向北穿過洛杉磯南部",
            "50": "穿越世紀高速公路（105號州際公路）",
            "65": "經過世紀高速公路旁地鐵綠線的港灣高速公路站",
            "170": "穿越帝國高速公路"
        }
    },
    "92E48DE9-13A1-4172-B560-29B4668A87EE": {
        "name": "聖塔莫尼卡海灘"
    },
    "89B1643B-06DD-4DEC-B1B0-774493B0F7B7": {
        "name": "格里菲斯天文台"
    },
    "EC67726A-8212-4C5E-83CF-8412932740D2": {
        "name": "好萊塢山",
        "pointsOfInterest": {
            "0": "穿過好萊塢山，沿著比奇伍德大道向北行駛",
            "60": "繼續向北穿過比奇伍德峽谷",
            "250": "經過李山通訊中心，前往加利福尼亞州伯班克"
        }
    },
    "F5804DD6-5963-40DA-9FA0-39C0C6E6DEF9": {
        "name": "市中心",
        "pointsOfInterest": {
            "0": "接近洛杉磯市中心，左側是MTA大樓（黃色）和聯合車站（粉紅色）",
            "35": "通過天使聖母大教堂",
            "55": "經過洛杉磯縣音樂中心",
            "65": "穿過好萊塢高速公路，沿著港口高速公路向南穿過市中心",
            "105": "經過沃爾特迪斯尼音樂廳",
            "120": "經過市政廳（淺藍色）",
            "180": "經過圖書館大樓",
            "200": "經過博納旺蒂爾酒店",
            "230": "明亮的洛杉磯中央圖書館出現在博納旺蒂爾酒店後面",
            "275": "經過威爾希爾大中心（正在建設中）",
            "365": "經過活力洛城",
            "395": "經過麗思卡爾頓酒店和斯台普斯中心",
            "425": "通過洛杉磯會議中心",
            "495": "接近聖莫尼卡高速公路"
        }
    },
    "3BA0CFC7-E460-4B59-A817-B97F9EBB9B89": {
        "name": "中央公園"
    },
    "b1-3": {
        "name": "曼哈頓下城"
    },
    "840FE8E4-D952-4680-B1A7-AC5BACA2C1F8": {
        "name": "上東區"
    },
    "44166C39-8566-4ECA-BD16-43159429B52F": {
        "name": "第七大道"
    },
    "640DFB00-FBB9-45DA-9444-9F663859F4BC": {
        "name": "曼哈頓下城"
    },
    "b8-2": {
        "name": "馬林岬角"
    },
    "EE533FBD-90AE-419A-AD13-D7A60E2015D6": {
        "name": "霧中的馬林岬角",
        "pointsOfInterest": {
            "0": "沿著101號高速公路經過馬林岬前往到金門大橋",
            "20": "馬蹄灣出現在左側",
            "105": "經過右側的斯賓塞砲台",
            "155": "穿過金門大橋往舊金山"
        }
    },
    "DE851E6D-C2BE-4D9F-AB54-0F9CE994DC51": {
        "name": "海灣和金門"
    },
    "b8-3": {
        "name": "阿拉莫廣場",
        "pointsOfInterest": {
            "0": "在阿拉莫廣場對面的彩繪女士",
            "35": "左側是聖瑪麗大教堂，以舊金山市中心為背景",
            "70": "市政廳圓頂出現在右側中間",
            "210": "市政廳的圓頂在正中間地面出現"
        }
    },
    "85CE77BF-3413-4A7B-9B0F-732E96229A73": {
        "name": "市場街的內河碼頭",
        "pointsOfInterest": {
            "0": "從舊金山灣西南方向前往舊金山渡輪大廈",
            "150": "接近舊金山港口渡輪大廈和內河碼頭",
            "210": "沿舊金山市中心的市場街向西南方向行駛"
        }
    },
    "b4-3": {
        "name": "要塞到金門",
        "pointsOfInterest": {
            "0": "從舊金山要塞前往金門大橋",
            "190": "穿過金門大橋去馬林岬角"
        }
    },
    "72B4390D-DF1D-4D51-B179-229BBAEFFF2C": {
        "name": "金門"
    },
    "b6-4": {
        "name": "市中心和科伊特塔",
        "pointsOfInterest": {
            "0": "泛美金字塔在舊金山市中心",
            "100": "在舊金山市區欣賞科伊特塔"
        }
    },
    "29BDF297-EB43-403A-8719-A78DA11A2948": {
        "name": "漁人碼頭",
        "pointsOfInterest": {
            "0": "經過漁人碼頭往東南方向行駛",
            "27": "經過“奧布賴恩”號自由艦",
            "47": "經過“潘帕尼托”號潛艇",
            "80": "經過舊金山的北灘",
            "115": "靠近電報山上面的科伊特塔，以海灣橋樑和舊金山街市為背景",
            "135": "靠近電報山上面的科伊特塔，右面中間是聖彼得和聖保羅教堂"
        }
    },
    "b5-3": {
        "name": "市場街的內河碼頭",
        "pointsOfInterest": {
            "0": "從舊金山灣西南方向前往舊金山渡輪大廈",
            "150": "接近舊金山港口渡輪大廈和內河碼頭",
            "210": "沿舊金山市場街向西南方向行駛"
        }
    },
    "3E94AE98-EAF2-4B09-96E3-452F46BC114E": {
        "name": "海灣大橋"
    },
    "b2-4": {
        "name": "市中心和蘇特羅塔",
        "pointsOfInterest": {
            "0": "前往舊金山的金融區，以蘇特羅塔為背景",
            "10": "通過泛美金字塔",
            "50": "前美國銀行總部遮擋了太陽"
        }
    },
    "4AD99907-9E76-408D-A7FC-8429FF014201": {
        "name": "海灣和內河碼頭"
    },
    "03EC0F5E-CCA8-4E0A-9FEC-5BD1CE151182": {
        "name": "南極洲"
    },
    "737E9E24-49BE-4104-9B72-F352DE1AD2BF": {
        "name": "北美極光"
    },
    "A837FA8C-C643-4705-AE92-074EFDD067F7": {
        "name": "非洲之夜"
    },
    "2F72BC1E-3D76-456C-81EB-842EBA488C27": {
        "name": "非洲和中東"
    },
    "12318CCB-3F78-43B7-A854-EFDCCE5312CD": {
        "name": "加利福尼亞到拉斯維加斯"
    },
    "D5CFB2FF-5F8C-4637-816B-3E42FC1229B8": {
        "name": "加勒比"
    },
    "4F881F8B-A7D9-4FDB-A917-17BF6AC5A589": {
        "name": "加勒比日"
    },
    "7825C73A-658F-48EE-B14C-EC56673094AC": {
        "name": "中國"
    },
    "E5DB138A-F04E-4619-B896-DE5CB538C534": {
        "name": "意大利到亞洲"
    },
    "F439B0A7-D18C-4B14-9681-6520E6A74FE9": {
        "name": "伊朗和阿富汗"
    },
    "7C643A39-C0B2-4BA0-8BC2-2EAA47CC580E": {
        "name": "愛爾蘭到亞洲"
    },
    "63C042F0-90EF-4A95-B7CC-CC9A64BF8421": {
        "name": "西非到阿爾卑斯山"
    },
    "78911B7E-3C69-47AD-B635-9C2486F6301D": {
        "name": "新西蘭"
    },
    "E556BBC5-D0A0-4DB1-AC77-BC76E4A526F4": {
        "name": "撒哈拉和意大利"
    },
    "64D11DAB-3B57-4F14-AD2F-E59A9282FA44": {
        "name": "從大西洋到西班牙和法國"
    },
    "81337355-E156-4242-AAF4-711768D30A54": {
        "name": "澳大利亞"
    },
    "1088217C-1410-4CF7-BDE9-8F573A4DBCD9": {
        "name": "從加勒比到中美洲"
    },
    "3C4678E4-4D3D-4A40-8817-77752AEA62EB": {
        "name": "尼羅河三角洲"
    },
    "87060EC2-D006-4102-98CC-3005C68BB343": {
        "name": "從南非到北亞"
    },
    "F07CC61B-30FC-4614-BDAD-3240B61F6793": {
        "name": "帕勞珊瑚"
    },
    "6143116D-03BB-485E-864E-A8CF58ACF6F1": {
        "name": "南非海藻"
    },
    "2B30E324-E4FF-4CC1-BA45-A958C2D2B2EC": {
        "name": "梭魚"
    },
    "581A4F1A-2B6D-468C-A1BE-6F473F06D10B": {
        "name": "海星"
    },
    "687D03A2-18A5-4181-8E85-38F3A13409B9": {
        "name": "隆頭鸚鵡魚"
    },
    "537A4DAB-83B0-4B66-BCD1-05E5DBB4A268": {
        "name": "傑克魚群"
    },
    "27A37B0F-738D-4644-A7A4-E33E7A6C1175": {
        "name": "加州海豚"
    },
    "EB3F48E7-D30F-4079-858F-1A61331D5026": {
        "name": "加州海藻群"
    },
    "CE9B5D5B-B6E7-47C5-8C04-59BF182E98FB": {
        "name": "哥斯達黎加海豚"
    },
    "58C75C62-3290-47B8-849C-56A583173570": {
        "name": "牛鼻魟"
    },
    "3716DD4B-01C0-4F5B-8DD6-DB771EC472FB": {
        "name": "灰礁鯊"
    },
    "DD47D8E1-CB66-4C12-BFEA-2ADB0D8D1E2E": {
        "name": "座頭鯨"
    },
    "82175C1F-153C-4EC8-AE37-2860EA828004": {
        "name": "紅海珊瑚"
    },
    "391BDF6E-3279-4CE1-9CA5-0F82811452D7": {
        "name": "海豹"
    },
    "BA4ECA11-592F-4727-9221-D2A32A16EB28": {
        "name": "帕勞水母 1"
    },
    "E580E5A5-0888-4BE8-A4CA-F74A18A643C3": {
        "name": "帕勞水母 2"
    },
    "EC3DC957-D4C2-4732-AACE-7D0C0F390EC8": {
        "name": "帕勞水母 3"
    },
    "C7AD3D0A-7EDF-412C-A237-B3C9D27381A1": {
        "name": "阿拉斯加水母 1"
    },
    "C6DC4E54-1130-44F8-AF6F-A551D8E8A181": {
        "name": "阿拉斯加水母 2"
    },
    "149E7795-DBDA-4F5D-B39A-14712F841118": {
        "name": "大溪地海浪 2"
    },
    "8C31B06F-91A4-4F7C-93ED-56146D7F48B9": {
        "name": "大溪地海浪 2"
    }
}