<?xml version="1.0" standalone="yes"?><rss xmlns:sparkle="http://www.andymatuschak.org/xml-namespaces/sparkle" version="2.0">
<channel>
<title>Aerial</title>
<item>
<title>1.8.3beta2</title>
  <description>
          <![CDATA[
          <p>I mistakenly uploaded the wrong file for beta1, this is the correct new version, my apologies !</p>
<p>New features:</p>
<ul><li>Add a new Weather info. This is still super experimental and will be improved in next betas</li>
<li>Add a 12/24h override</li>
<li>Add Italian translation, many thanks to @marguglio !</li></ul>
<p>Bug fixes:</p>
<ul><li>Fix some locale bugs with Catalina</li>
<li>Fix looping if you only had one video in your playlist</li></ul>
          ]]>
  </description>
<pubDate>dim., 19 mar. 2020 19:00:00 +0100</pubDate>
<sparkle:minimumSystemVersion>10.12</sparkle:minimumSystemVersion>
<enclosure url="https://github.com/JohnCoates/Aerial/releases/download/v.1.8.3beta2/Aerial.saver.zip" sparkle:version="1.8.3beta2" 
sparkle:edSignature="0cjBnfkUq6koMoIVatnNFOSsMtOHNUH31B/RbKNTFP+tPH1zrii1C7wUlgSCeshQVCU/D0yBCrsckjWYl0YJCw==" length="6219582" type="application/octet-stream"/>
</item>
<item>
<title>1.8.2</title>
  <description>
          <![CDATA[
<p>New features:</p>
<ul><li>Add a new Date Info </li>
<li>Add a new Timer Info similar to Countdown, except it's a timer (say, 5 minutes)</li></ul>

<p>Bug fixes:</p>
Fix text overlap bug 
<ul><li>Fix Location description bug when skipping videos on multiple monitors</li>
<li>Fix and updates Countdown's display options</li></ul>

<p>Updated translations:</p>
<ul><li>Polish translations thanks to @Soruk !</li>
<li>Chinese Simplified/Traditional translations thanks to @LinkeyLeo !</li>
<li>Arabic translations thanks to @kachikulu !</li></ul>
          ]]>
  </description>
<pubDate>mar., 24 mar. 2020 16:00:00 +0100</pubDate>
<sparkle:minimumSystemVersion>10.12</sparkle:minimumSystemVersion>
<enclosure url="https://github.com/JohnCoates/Aerial/releases/download/v1.8.2/Aerial.saver.zip" sparkle:version="1.8.2" 
sparkle:edSignature="P/P3lB7ZZu+q8KraIZFaOnz5p4QpqeYoW3hT12FcJ6xVzPZUAgv/3EkFExANOV+DvMRjixpiLLQ7nFUdOcRtCA==" length="5991814" type="application/octet-stream"/>
</item>
<item>
<title>1.8.2beta4</title>
  <description>
          <![CDATA[
<ul><li>Fix the overlap bug for smaller screens/large fonts</li>
<li>Add a Date info to show the current date</li></ul>
          ]]>
  </description>
<pubDate>lun., 23 mar. 2020 19:00:00 +0100</pubDate>
<sparkle:minimumSystemVersion>10.12</sparkle:minimumSystemVersion>
<enclosure url="https://github.com/JohnCoates/Aerial/releases/download/v1.8.2beta4/Aerial.saver.zip" sparkle:version="1.8.2beta4" 
sparkle:edSignature="GOAdKfC/esCHVOZjNP2VTJBO3c5Z+O6m+Cp639QcJn56fRkYymQoMXpmwunCw6zebH6pKnKBRQ/wNmcLATGIBA==" length="5987926" type="application/octet-stream"/>
</item>    
  
<item>
<title>1.8.2beta2</title>
  <description>
          <![CDATA[
<p>New features:</p>
<ul><li>Fix the seconds thing not working in Countdown info, removed year/months from the countdown info</li>
<li>Add a new Timer Info similar to Countdown, except it's a timer (say, 5 minutes).</li>
</ul>
          ]]>
  </description>
<pubDate>jeu., 19 mar. 2020 18:00:00 +0100</pubDate>
<sparkle:minimumSystemVersion>10.12</sparkle:minimumSystemVersion>
<enclosure url="https://github.com/JohnCoates/Aerial/releases/download/v1.8.2beta2/Aerial.saver.zip" sparkle:version="1.8.2beta2" 
sparkle:edSignature="B5+J0DjZpAsSZjg1XU980ZAQxnLh/x1DTBsG/rHn9W/F45bhl56LCKfXtB+/hWzCCcI/JJhI+7VYHbHxqaDcCg==" length="5977590" type="application/octet-stream"/>
</item>
  
<item>
<title>1.8.2beta1</title>
  <description>
          <![CDATA[
<p>New features:</p>
<ul><li>Add updated .pl translations</li>
<li>Tentative fix for a description bug when skipping videos on multiple monitors.</li>
</ul>
          ]]>
  </description>
<pubDate>mar., 10 mar. 2020 18:00:00 +0100</pubDate>
<sparkle:minimumSystemVersion>10.12</sparkle:minimumSystemVersion>
<enclosure url="https://github.com/JohnCoates/Aerial/releases/download/v1.8.2beta1/Aerial.saver.zip" sparkle:version="1.8.2beta1" 
sparkle:edSignature="7eoSrfIP3HjIrS/pGQEMRFHxl0o6CIUrfLtvwkCaXhEHFRqXbedlHFNLSD92c4C+jAVZpFW8izMggMLrEOMWCw==" length="5961990" type="application/octet-stream"/>
</item>
<item>
<title>1.8.1</title>
  <description>
          <![CDATA[
<p>New features:</p>
<ul><li>Changed "Random" to "Random corner" for location info randomness. Bottom/top center positions are now ignored here, but they can be used manually.</li>
<li>Fix a preference panel crash if you disabled auto updates.</li>
</ul>
          ]]>
  </description>
<pubDate>mar., 3 mar. 2020 18:00:00 +0100</pubDate>
<sparkle:minimumSystemVersion>10.12</sparkle:minimumSystemVersion>
<enclosure url="https://github.com/JohnCoates/Aerial/releases/download/v1.8.1/Aerial.saver.zip" sparkle:version="1.8.1" 
sparkle:edSignature="9VAYxF1ZzzPAV4u7A4GnBPZBqqPfn75/PWfepc4QvwSjRUCm+ckj/o/MdKx7jTw1lmuBpaJ9ILSy75eHtJNqAA==" length="5960639" type="application/octet-stream"/>
</item>

<item>
<title>1.8.1beta1</title>
  <description>
          <![CDATA[
<p>Changed "Random" to "Random corner" for location info randomness. Bottom/top center positions are now ignored here, but they can be used manually.</p>
          ]]>
  </description>
<pubDate>lun., 24 fev. 2020 19:00:00 +0100</pubDate>
<sparkle:minimumSystemVersion>10.12</sparkle:minimumSystemVersion>
<enclosure url="https://github.com/JohnCoates/Aerial/releases/download/v1.8.1beta1/Aerial.saver.zip" sparkle:version="1.8.1beta1" 
sparkle:edSignature="If2iGKSh/Cq23fhLuauufPpwLGZTrgjf4rtqpIuUkm7h1gKA7DeR1R2yW5OfnE9MJWvQYFKZyA7GYFcyhcizAQ==" length="5960620" type="application/octet-stream"/>
</item>    
  
<item>
<title>1.8.0</title>
  <description>
          <![CDATA[
<p>New features:</p>
<ul><li><b>New update system for macOS Catalina, you will now be notified and be able to download new versions. Aerial will still not be able to self update in Catalina, this is a sandboxing limitation that can't be worked around for the time being</b></li>
<li>Add shadow controls</li>
<li>Add translations for the new tvOS 13 videos in French</li>
<li>Add a new Countdown information option</li></ul>
<p>Bug fixes:</p>
<ul><li>Fix the high sierra textfields workaround in new UI</li>
<li>Fix battery detection in macs with no battery (oops)</li>
<li>Fix localization that no longer worked in Catalina (come on...)</li></ul>

<p>Misc:</p>
<ul><li>Moved Sparkle from Cocoapods to a git submodule, updated Sparkle to 1.23</li>
<li>Minimum macOS version is now 10.12</li></ul>
          ]]>
  </description>
<pubDate>mar., 18 jan. 2020 18:00:00 +0100</pubDate>
<sparkle:minimumSystemVersion>10.12</sparkle:minimumSystemVersion>
<enclosure url="https://github.com/JohnCoates/Aerial/releases/download/v1.8.0/Aerial.saver.zip" sparkle:version="1.8.0" 
sparkle:edSignature="orTQ4SHPZDCcp+BLoffuL/1g+6fOpQPotDi7o3bAmQQ7mgpneRMyeOPbDNmM8eCs2VligzOlYlQOHdxju4kTBQ==" length="5963341" type="application/octet-stream"/>
</item>    
<item>
<title>1.7.2beta3</title>
  <description>
          <![CDATA[
<b>Automatic updates are broken for the time being in Catalina. If you try to auto-update, it will look like it install correctly but the update process will silently fail because of new sandboxing restrictions. You will need to update manually for the time being, my apologies.</b>

<ul><li>More shadow options</li>
<li>Fix High Sierra workarounds in new UI</li></ul>
          ]]>
  </description>
<pubDate>sam., 15 jan. 2020 19:00:00 +0100</pubDate>
<sparkle:minimumSystemVersion>10.9</sparkle:minimumSystemVersion>
<enclosure url="https://github.com/JohnCoates/Aerial/releases/download/v1.7.2beta3/Aerial.saver.zip" sparkle:version="1.7.2beta3" 
sparkle:edSignature="RgtPcIcPMxur1jqgCDxsEmBddCQZq3vQHZMONrgw5WSTAt0cGz2EPjLghTsgFhIdgEDX5ZYDkGEFHrmH+BqyDA==" length="6006059" type="application/octet-stream"/>
</item>  

<item>
<title>1.7.2beta2</title>
  <description>
          <![CDATA[
<b>Automatic updates are broken for the time being in Catalina. If you try to auto-update, it will look like it install correctly but the update process will silently fail because of new sandboxing restrictions. You will need to update manually for the time being, my apologies.</b>

<ul><li>Fix text clipping issues with some fonts</li>
<li>More UI cleanup, add a new Text settings option in Info tab</li></ul>
          ]]>
  </description>
<pubDate>ven., 14 jan. 2020 19:00:00 +0100</pubDate>
<sparkle:minimumSystemVersion>10.9</sparkle:minimumSystemVersion>
<enclosure url="https://github.com/JohnCoates/Aerial/releases/download/v1.7.2beta2/Aerial.saver.zip" sparkle:version="1.7.2beta2" 
sparkle:edSignature="y0CqlWKJTJx2TEmJb6pobnVJvQUw+lUpQBNGePn+8M3/dFJXiwoYRWfZ6O55O1QO0gLASb6GM9ahwp+SdoQ/Bg==" length="5999716" type="application/octet-stream"/>
</item> 

<item>
<title>1.7.2beta1</title>
  <description>
          <![CDATA[
<b>Automatic updates are broken for the time being in Catalina. If you try to auto-update, it will look like it install correctly but the update process will silently fail because of new sandboxing restrictions. You will need to update manually for the time being, my apologies.</b>

<ul><li>Add a new update check that shows a message at the top of the screen, when the screensaver is running, to let you know that a new version is available. This is still a work in progress and will be improved in the next beta. More info <a href=https://github.com/JohnCoates/Aerial/issues/909>here</a></li>
<li>Add an option to change the shadow radius of the texts.</li>
<li>Add a new Countdown info type.</li></ul>
          ]]>
  </description>
<pubDate>jeu., 13 jan. 2020 16:00:00 +0100</pubDate>
<sparkle:minimumSystemVersion>10.9</sparkle:minimumSystemVersion>
<enclosure url="https://github.com/JohnCoates/Aerial/releases/download/v1.7.2beta1/Aerial.saver.zip" sparkle:version="1.7.2beta1" 
sparkle:edSignature="JfJ/8/eUs+cPHKCXjlWIU4MU/LlclYJB5nnh0ZwwuhhzWFqu26gOViyQc/0pMRSCi1S2RbUeX4pvwiIIbt38Bw==" length="5996604" type="application/octet-stream"/>
</item>  
<item>
<title>1.7.1</title>
  <description>
          <![CDATA[
<b>Automatic updates are broken for the time being in Catalina. If you try to auto-update, it will look like it install correctly but the update process will silently fail because of new sandboxing restrictions. You will need to update manually for the time being, my apologies.</b>

<ul><li>Brings back "Allow right arrow to skip" for macOS versions prior to Catalina. That feature still won't work on Catalina.</li>
<li>Add seamless looping if you only have one video in your playlist.</li>
<li>Fix "new style" settings that weren't saved immediately, causing a discrepancy if you didn't close the preferences panel before launching the screen saver (with a hot corner).</li></ul>
          ]]>
  </description>
<pubDate>mar., 11 jan. 2020 16:00:00 +0100</pubDate>
<sparkle:minimumSystemVersion>10.9</sparkle:minimumSystemVersion>
<enclosure url="https://github.com/JohnCoates/Aerial/releases/download/v1.7.2beta1/Aerial.saver.zip" sparkle:version="1.7.1" 
sparkle:edSignature="PEHtV0rb00reYVBETDHAj3MgE2ZxeCJA8xwnVAjWtjlmMkVmvgMCNouCYZwamqZ3Kmv26kZLwbl7UkjpeSAdDA==" length="5968662" type="application/octet-stream"/>
</item>  
<item>
<title>1.7.1beta1</title>
  <description>
          <![CDATA[
<b>Automatic updates are still broken for the time being in Catalina. If you try to update, it will look like it install correctly but the update process silently fails because of new sandboxing restrictions. You will need to update manually for the time being until a solution is found, my apologies.</b>

<ul>
<li>Brings back "Allow right arrow to skip" for macOS versions prior to Catalina. That feature still won't work on Catalina.</li>
<li>Add seamless looping if you only have one video in your playlist</li>
</ul>
          ]]>
  </description>
<pubDate>lun., 03 jan. 2020 16:00:00 +0100</pubDate>
<sparkle:minimumSystemVersion>10.9</sparkle:minimumSystemVersion>
<enclosure url="https://github.com/JohnCoates/Aerial/releases/download/v1.7.1beta1/Aerial.saver.zip" sparkle:version="1.7.1beta1" sparkle:shortVersionString="1.7.1beta1" sparkle:edSignature="2LEavx+JYtLJzZeHnoMM96XB0gtQL0uLdzq+3LtW3wyWpA5O5REig7JZy7WSatn1X3oWIL0eF4MjOSLnw1+DCw==" length="5987274" type="application/octet-stream"/>
</item>  
  
<item>
<title>1.7.0</title>
  <description>
          <![CDATA[
                    <b>Note : - Catalina users, the auto-update process WILL still fail for the moment, please install this build manually. My apologies for the issue.</b>

This is a large rewrite, a few settings will be reset to default, including video format preference (4K, HDR), my apologies for this but those were needed to introduce some new features.

New features :

<ul><li>New text rendering ! Aerial can now display information (such as location information, time, etc) on mulitple screens with new animations and better transitions. The settings for these are found in the new "Info" tab.</li>
<li>Support for the 11 new Sea videos that were just released. If you do not see the videos after the update, please go to the "Updates" tab and press "Check Now" in the New videos section.</li>
<li>New "Battery" Info can tell you your battery status (charging, %, etc)</li>
<li>Infos can now be shown in more positions on screen (top center, bottom center, and screen center)</li>

Important fixes :

<ul>
<li>Fix the mini video issue on some systems using macOS Catalina, more info about this here.</li>
</ul>
          ]]>
  </description>
<pubDate>mer., 29 jan. 2020 21:00:00 +0100</pubDate>
<sparkle:minimumSystemVersion>10.9</sparkle:minimumSystemVersion>
<enclosure url="https://github.com/JohnCoates/Aerial/releases/download/v1.7.0/Aerial.saver.zip" sparkle:version="1.7.0" sparkle:shortVersionString="1.7.0" sparkle:edSignature="hQN896uLYAxbqv4hRshK+bBOBrtjsH06kc1cJQwc8M7tvQrbmTkGxgoeAn1Kze4MPEk6pC8yf8H2sfJQplZ8Bw==" length="5982268" type="application/octet-stream"/>
</item>  
  
<item>
<title>1.6.3</title>
  <description>
          <![CDATA[
<ul>
<li>Fix a bad crash with custom videos and HDR.</li>
</ul>
<p>If you are using or planning to upgrade to macOS Catalina, we very much suggest you check this issue about what to expect : https://github.com/JohnCoates/Aerial/issues/801</p>
          ]]>
  </description>
<pubDate>jeu., 24 oct. 2019 14:00:00 +0100</pubDate>
<sparkle:minimumSystemVersion>10.9</sparkle:minimumSystemVersion>
<enclosure url="https://github.com/JohnCoates/Aerial/releases/download/v1.6.3/Aerial.saver.zip" sparkle:version="1.6.3" sparkle:shortVersionString="1.6.3" sparkle:edSignature="z1UdHeGDFvMVXWlpu2y52UETr+i1CgcpA3VFsdZCaKfEGNeChv2IfcWIgrmPkLqGvhbchFMcnZlt1Akw1XucDQ==" length="5997634" type="application/octet-stream"/>
</item>  

<item>
<title>1.6.2</title>
  <description>
          <![CDATA[
<ul><li>Fix a hang in Catalina when you can't/have a hard time resuming from screensaver.</li>
<li>Fix Custom Videos in Catalina. You can also drop a folder there to automatically add it.</li></ul>
<p>If you are using or planning to upgrade to macOS Catalina, we very much suggest you check this issue about what to expect : https://github.com/JohnCoates/Aerial/issues/801</p>
          ]]>
    </description>
<pubDate>mar., 8 oct. 2019 17:00:00 +0100</pubDate>
<sparkle:minimumSystemVersion>10.9</sparkle:minimumSystemVersion>
<enclosure url="https://github.com/JohnCoates/Aerial/releases/download/v1.6.2/Aerial.saver.zip" sparkle:version="1.6.2" sparkle:shortVersionString="1.6.2" sparkle:edSignature="av6bEU3Mi3ee06pKh+zR1fWwbLEAUzVMMuuyN2PNQ4j8aWE52pyjN7o9+j+jQJWoAvipj/dU4nsawDcd6bsZDA==" length="5998259" type="application/octet-stream"/>
</item>  

<item>
<title>1.6.1</title>
  <description>
          <![CDATA[
<ul><li>Fixes the hang/crash happening when playing the next video on some systems with multiple monitor, since 1.5.0. Many thanks to @markusem !</li></ul>

<p>If you are using or planning to upgrade to macOS Catalina, we very much suggest you check this issue about what to expect : https://github.com/JohnCoates/Aerial/issues/801</p>
          ]]>
    </description>
<pubDate>mar., 1 oct. 2019 14:00:00 +0100</pubDate>
<sparkle:minimumSystemVersion>10.9</sparkle:minimumSystemVersion>
<enclosure url="https://github.com/JohnCoates/Aerial/releases/download/v1.6.1/Aerial.saver.zip" sparkle:version="1.6.1" sparkle:shortVersionString="1.6.1" sparkle:edSignature="ScPasldYS9yGIUK48bUfEzxFLXI2pmAllAhVR1TRyJeQNeWV6xVknl4CWVVyyPqSW+G1EXmb8GOy5Goaj/qOBg==" length="5992108" type="application/octet-stream"/>
</item>  

<item>
<title>1.6.0a</title>
  <description>
          <![CDATA[
<ul><li>This version includes support for the 15 new videos introduced in tvOS 13, including the 10 Sea videos and 5 new Space videos 🎉</li>
<li>Adds HDR support for macOS Catalina 🎉</li>
<li>Starting with this release, Aerial is properly signed and notarized 🎉</li>
<li>Cache mechanism was changed to accommodate changes in macOS Catalina. We recommend you double check your cache settings after upgrading.</li>
<li>Add Dutch translation by @sebastiaanspeck !</li>
<li>Add Traditional Chinese and update Simplified Chinese translations by @LinkeyLeo !</li>
<li>Add advanced mode for finely tuning the Spanned viewing mode in multi monitor configurations</li>
<li>This version includes many fixes for various issues including with multi monitor setups and better support for older versions of macOS.</li>

<p>If you are using or planning to upgrade to macOS Catalina, we very much suggest you check this issue about what to expect : https://github.com/JohnCoates/Aerial/issues/801</p>
          ]]>
    </description>
<pubDate>jeu., 26 sept. 2019 19:23:00 +0100</pubDate>
<sparkle:minimumSystemVersion>10.9</sparkle:minimumSystemVersion>
<enclosure url="https://github.com/JohnCoates/Aerial/releases/download/v1.6.0a/Aerial.saver.zip" sparkle:version="1.6.0a" sparkle:shortVersionString="1.6.0a" sparkle:edSignature="SkkVk6u5MEBamEhYVbJLCQKT8SUhOhEbiMJmKxfQSzZhaX53ckQfuO2eriOpwH73L9qmPmNmecaJCx16E8fcDw==" length="5992428" type="application/octet-stream"/>
</item>  
  
<item>
<title>1.5.1beta13</title>
  <description>
          <![CDATA[
<p>This is the beta feed ! Aerial is properly signed and notarized 🎉</p>
<ul>
<li>Includes the new tvOS 13 videos, including sea and new space 🎉</li>
<p>macOS 10.15 Catalina users, we suggest you first check this issue : https://github.com/JohnCoates/Aerial/issues/801</p>
          ]]>
    </description>
<pubDate>mer., 25 sep. 2019 20:16:00 +0100</pubDate>
<sparkle:minimumSystemVersion>10.9</sparkle:minimumSystemVersion>
<enclosure url="https://github.com/JohnCoates/Aerial/releases/download/v1.5.1beta13/Aerial.saver.zip" sparkle:version="1.5.1beta13" sparkle:shortVersionString="1.5.1beta13" sparkle:edSignature="4/bh8rb5Y24w+gnLg1eFum2Je2GxhAKCGr7KEtv8wYI6ffpBK8c6UaUdEmPbZYhGErPczMH1GrBaE8OFUoPpDw==" length="5991026" type="application/octet-stream"/>
</item> 

<item>
<title>1.5.0</title>
  <description>
          <![CDATA[
<p>1.5.0 brings some pretty big features to Aerial, most importantly:</p>

<ul><li>- Completely rewritten multi monitor support. You can now enable and disable individual displays in the new Display tab.</li>
<li>- New "Spanned" viewing mode. Selecting this mode will span an Aerial video on all your (selected) screens. You can even adjust margins.</li>
<li>- Add your own videos to Aerial using the new Custom Videos features. You can add your own videos in the new video manager (found in the menu below the video list).</li></ul>

<p>This version also includes many, many bugfixes! You can check the changelog for more information https://github.com/JohnCoates/Aerial/blob/master/Documentation/ChangeLog.md</p>
          ]]>
    </description>
<pubDate>ven., 31 mai. 2019 11:30:00 +0100</pubDate>
<sparkle:minimumSystemVersion>10.9</sparkle:minimumSystemVersion>
<enclosure url="https://github.com/JohnCoates/Aerial/releases/download/v1.5.0/Aerial.saver.zip" sparkle:version="1.5.0" sparkle:shortVersionString="1.5.0" sparkle:edSignature="Q3QYagdIRRrsRBst/W0FsR5w+J0dxIW4pHBjLw7J5aDB14v8nPsEKsJlj75eYXheCDWq/q+3brm7hD8Pypm7Ag==" length="5946329" type="application/octet-stream"/>
</item>  
  
<item>
<title>1.4.99beta7</title>
  <description>
          <![CDATA[
            <p>This is the beta feed!</p>
<p>This version fixes many bugs in the new custom videos feature : </p>
<ul><li>Videos will now play muted (!)</li>
<li>Video manager now shows informations about resolution and duration of a video</li>
<li>Fix stepper not working when adding a poi, fixed seeking when adding a poi</li>
<li>4K custom videos now have the correct 4K badge in main UI</li>
<li>customvideos.json is now pretty printed for easier manual editing</li>
<li>Closing the custom video manager now properly reloads the video list in main UI</li></ul> 
<p>Find more information in this issue #786 !</p>
<p>Please report any bug you find !</p>            
          ]]>
    </description>
<pubDate>mer., 29 mai. 2019 13:20:29 +0100</pubDate>
<sparkle:minimumSystemVersion>10.9</sparkle:minimumSystemVersion>
<enclosure url="https://github.com/JohnCoates/Aerial/releases/download/v1.4.99beta7/Aerial.saver.zip" sparkle:version="1.4.99beta7" sparkle:shortVersionString="1.4.99beta7"  sparkle:edSignature="yT16QQHx3Dyg1A3M2zriuzKc3eLxeHeFdug0lO8T2yLIBFXPoy64gP2thowESfqBWKqh1pentCrYycPZSJ+7Cg==" length="5944919" type="application/octet-stream"/>
</item>

<item>
<title>1.4.9</title>
  <description>
          <![CDATA[
            <p>This is the beta feed.</p>
            <p>This is a bugfix for a crash for homebrew users and users who never starts the control panel. Sorry about that !</p>
          ]]>
    </description>
<pubDate>mer., 1 mai. 2019 13:58:29 +0100</pubDate>
<sparkle:minimumSystemVersion>10.9</sparkle:minimumSystemVersion>
<enclosure url="https://github.com/JohnCoates/Aerial/releases/download/v1.4.9/Aerial.saver.zip" sparkle:version="1.4.9" sparkle:shortVersionString="1.4.9"  sparkle:edSignature="C2SILYsMpGsvIVjlKvGmKxUhS2/95DrvD3xOzf2YAiZRh0gnHpNgDXt5OCMwzNd99iVinUAHq2nubqj1XqNPDA==" length="5674907" type="application/octet-stream"/>
</item>

<item>
<title>1.4.8</title>
  <description>
          <![CDATA[
            <p>This is the beta feed.</p>
            <p>This new version includes many new features and enhancements:</p>
            <ul>
              <li>Support for January 25th video updates (finally)</li>
              <li>Automatic updates support through Sparkle. You can manage how Aerial updates itself in the settings</li>
              <li>Localization for community support in Arabic, Chinese Simplified, English, French, German, Hebrew, Polish and Spanish! Thanks to all the contributors. If you want to help, check our repository we very much welcome new contributions</li>
              <li>You can now skip an Aerial with the right arrow key</li>
              <li>You can now save your favorite videos sets to enable them quickly</li>
            </ul>
          ]]>
    </description>
<pubDate>mar., 30 avr. 2019 18:40:29 +0100</pubDate>
<sparkle:minimumSystemVersion>10.9</sparkle:minimumSystemVersion>
<enclosure url="https://github.com/JohnCoates/Aerial/releases/download/v1.4.8/Aerial.saver.zip" sparkle:version="1.4.8" sparkle:shortVersionString="1.4.8"  sparkle:edSignature="5QFV0eqGRqCoZ8/TYbLXWOiVSifwNRUk4wuNFdjXJXpk/cRrceaTcs7SG168dawfOTpy9TOu283mb6WJGRQuDw==" length="5674805" type="application/octet-stream"/>
</item>
</channel></rss>
